Advertising,Population,Age,Education,Sales_CLP,CompPrice_CLP,Income_CLP,Price_CLP,ShelveLoc_Good,ShelveLoc_Medium,Urban_Yes,US_Yes
-0.99817132011222,0.5407202109455473,0.6865784759592541,-0.6942889120420046,0.2094950032052566,0.09443277535484573,-0.41686236353223566,-0.7682791058080215,-0.49441323247304414,0.9176629354822472,0.6435381994422817,-1.3735348332475334
0.18297171055411535,-0.09964119821484442,0.24435244477945192,-0.6942889120420046,0.9541700827186163,-0.6013876746282281,1.2964133091986267,-1.3343794995613005,-0.49441323247304414,0.9176629354822472,0.6435381994422817,0.7280485181694576
-0.99817132011222,-0.09290055180262977,0.1180021501566513,0.05054210470803865,0.14047633729914036,-0.41161846099648064,-1.3646318846173935,0.2332831292939337,2.0225995873897262,-1.0897247358851685,0.6435381994422817,-1.3735348332475334
2.84054352955337,0.9114557636173531,-1.335026238005556,-0.321873403666983,0.2240252486591755,-0.6646440791721439,-1.5104425801689563,0.6687449706426098,-0.49441323247304414,0.9176629354822472,0.6435381994422817,0.7280485181694576
-0.99817132011222,-1.090516220810398,-1.587726827251157,-0.6942889120420046,-1.0473712285587549,-0.7279004837160596,1.5515820264138616,0.3639216816985365,-0.49441323247304414,0.9176629354822472,0.6435381994422817,-1.3735348332475334
-0.99817132011222,-1.6769524586730726,-1.4613765326283565,1.5402041382081253,-0.8148873012960477,0.34745839353050895,0.16638041867401537,0.14619076102419845,-0.49441323247304414,-1.0897247358851685,-1.5539093108484365,-1.3735348332475334
1.6594004988870346,0.5542015037699767,1.6342056856302591,0.7953731214580819,-2.177097812600974,-1.6767465518747968,-1.401084558505284,-0.37636344859421295,-0.49441323247304414,-1.0897247358851685,0.6435381994422817,0.7280485181694576
0.9211861047205749,-0.9152594140928172,-1.2086759433827554,0.7953731214580819,0.5872813850071561,-1.3604645291552178,1.150602613647064,-0.2892710803244777,2.0225995873897262,-1.0897247358851685,0.6435381994422817,0.7280485181694576
-0.99817132011222,1.1945629129303685,1.6342056856302591,-1.0667044204170264,-0.3244915172262744,0.15768917989876155,-1.0365578196263774,0.05909839275446321,-0.49441323247304414,0.9176629354822472,0.6435381994422817,-1.3735348332475334
-0.99817132011222,-0.40297028676450375,0.1811772974680516,-1.439119928792048,0.9396398372646969,-0.7279004837160596,-1.0001051457384866,-1.2472871312915652,2.0225995873897262,-1.0897247358851685,-1.5539093108484365,0.7280485181694576
1.0688289835538667,-0.1400850766881323,1.1919796544504566,0.05054210470803865,0.4565091759218832,1.0432788435135827,0.09347507089823398,-0.07154015965013964,-0.49441323247304414,0.9176629354822472,-1.5539093108484365,0.7280485181694576
-0.99817132011222,-0.3962296403522891,1.1919796544504566,-0.321873403666983,-0.019356362693970945,-0.28510565190864906,-1.6927059496084096,0.7122911547774774,2.0225995873897262,-1.0897247358851685,0.6435381994422817,-1.3735348332475334
-0.99817132011222,-1.1646633313447592,0.6865784759592541,-1.0667044204170264,-0.8584780376578053,-0.03208003373298586,-0.12524097242911014,0.015552208619595588,-0.49441323247304414,-1.0897247358851685,0.6435381994422817,-1.3735348332475334
0.33061458938740723,1.16760032728151,0.6234033286478539,0.4229576130830603,0.4674068600123226,1.549330079864909,0.4944544836650316,0.7558373389123451,-0.49441323247304414,0.9176629354822472,0.6435381994422817,-1.3735348332475334
-0.702885562445636,-1.3399201380623402,0.3075275920908523,0.7953731214580819,1.4009751304266318,1.7390992934966565,-0.08878829854121946,0.7122911547774774,2.0225995873897262,-1.0897247358851685,0.6435381994422817,0.7280485181694576
0.18297171055411535,-0.8208903643218121,0.6234033286478539,-0.6942889120420046,-0.015723801330491147,0.28420198898659316,0.8589812225439383,0.4945602341031393,-0.49441323247304414,0.9176629354822472,0.6435381994422817,0.7280485181694576
-0.99817132011222,-0.7871871322607389,0.4970530340250533,1.1677886298331035,-0.5024870240367847,-0.5381312700843123,-1.401084558505284,-0.8989176582126244,-0.49441323247304414,-1.0897247358851685,0.6435381994422817,-1.3735348332475334
2.249972014220202,1.3765603660601642,-1.145500796071355,0.05054210470803865,1.0340864327151718,0.6004840117061722,1.0776972658712825,0.2332831292939337,-0.49441323247304414,0.9176629354822472,0.6435381994422817,0.7280485181694576
0.03532883172082341,-1.2657730275279788,0.43387788671365296,-1.439119928792048,2.131119964486072,0.8535096298818354,-0.015882950765438084,-0.8989176582126244,2.0225995873897262,-1.0897247358851685,0.6435381994422817,0.7280485181694576
-0.99817132011222,0.7631615425486309,-1.524551679939757,1.5402041382081253,0.6926256645480705,-0.41161846099648064,-0.38040968964434496,-2.031118445719182,-0.49441323247304414,-1.0897247358851685,-1.5539093108484365,-1.3735348332475334
-0.850528441278928,-0.4703767508866502,-0.9559753541371541,-1.439119928792048,1.858677862225087,1.0432788435135827,0.7131705269923757,-0.20217871205474247,2.0225995873897262,-1.0897247358851685,-1.5539093108484365,0.7280485181694576
1.8070433777203263,1.1945629129303685,-0.13469843908894996,-1.439119928792048,0.6635651736402319,0.031176370810929936,0.3486437881134688,0.4074678658334041,-0.49441323247304414,0.9176629354822472,0.6435381994422817,0.7280485181694576
0.03532883172082341,1.4439668301823108,-0.19787358640035027,-0.6942889120420046,-0.5751382513063806,0.5372276071622564,0.42154913588925014,-0.20217871205474247,-0.49441323247304414,-1.0897247358851685,-1.5539093108484365,0.7280485181694576
0.33061458938740723,1.1743409736937247,-0.5769244702687522,-0.6942889120420046,1.4009751304266318,-1.6134901473308811,-0.5991257329716891,-1.2037409471566978,2.0225995873897262,-1.0897247358851685,0.6435381994422817,0.7280485181694576
0.9211861047205749,1.632704929724321,1.5078553910074584,0.7953731214580819,1.233877307706561,-0.09533643827690166,1.5515820264138616,-1.944026077449447,-0.49441323247304414,-1.0897247358851685,-1.5539093108484365,0.7280485181694576
1.5117576200537426,-0.726521314550807,0.05482700284525099,-1.0667044204170264,-0.2554728513201581,-0.41161846099648064,-0.12524097242911014,0.8864758913169479,-0.49441323247304414,0.9176629354822472,0.6435381994422817,0.7280485181694576
-0.99817132011222,1.1204158023960074,-0.5769244702687522,-1.439119928792048,-0.041151730874849766,0.22094558444267734,0.676717853104485,0.015552208619595588,-0.49441323247304414,0.9176629354822472,0.6435381994422817,-1.3735348332475334
3.283472166053246,1.0799719239227195,-0.07152329177754965,-0.6942889120420046,0.7689094531811463,3.1307401934628043,-0.1981463202048915,2.1493152312281083,-0.49441323247304414,0.9176629354822472,0.6435381994422817,0.7280485181694576
-0.40759980477905233,1.3967823052968082,0.05482700284525099,0.05054210470803865,-0.004826117240051733,-0.5381312700843123,1.0776972658712825,-0.8553714740777567,-0.49441323247304414,0.9176629354822472,0.6435381994422817,0.7280485181694576
-0.99817132011222,-0.7197806681385923,-0.07152329177754965,1.1677886298331035,-0.9892502467430782,0.4739712026183406,-1.4739899062810655,0.2332831292939337,-0.49441323247304414,0.9176629354822472,0.6435381994422817,-1.3735348332475334
-0.702885562445636,-0.8748155356195293,-0.8928002068257538,0.4229576130830603,-0.0702122217826882,-0.7279004837160596,1.5515820264138616,1.4961224692050943,2.0225995873897262,-1.0897247358851685,-1.5539093108484365,0.7280485181694576
-0.5552426836123442,-1.0365910495126809,1.5710305383188585,-0.6942889120420046,-0.4734265331289463,0.4739712026183406,0.6402651792165943,0.1026445768893308,-0.49441323247304414,0.9176629354822472,0.6435381994422817,0.7280485181694576
1.9546862565536185,0.048653022853877896,1.5078553910074584,1.5402041382081253,-0.18645418541404188,-0.34836205645256485,-0.5262203851959076,-1.1601947630218301,-0.49441323247304414,-1.0897247358851685,0.6435381994422817,0.7280485181694576
-0.99817132011222,-0.40297028676450375,-0.13469843908894996,0.05054210470803865,-0.992882808106558,-0.09533643827690166,-0.8907471240748146,0.7993835230472127,-0.49441323247304414,0.9176629354822472,-1.5539093108484365,-1.3735348332475334
0.9211861047205749,-1.1579226849325446,0.1811772974680516,-1.439119928792048,0.14774146002609997,-0.09533643827690166,-1.656253275720519,-0.2892710803244777,-0.49441323247304414,0.9176629354822472,0.6435381994422817,0.7280485181694576
1.3641147412204506,-0.7467432537874509,0.24435244477945192,1.1677886298331035,-0.33175663995323396,1.4228172707770774,-0.7084837546353612,1.4525762850702268,-0.49441323247304414,0.9176629354822472,-1.5539093108484365,0.7280485181694576
-0.5552426836123442,-1.4208078950089158,1.1919796544504566,1.5402041382081253,-0.938394387654361,-0.6646440791721439,1.624487374189643,-0.41990963272908055,-0.49441323247304414,0.9176629354822472,0.6435381994422817,0.7280485181694576
0.6259003470539911,-1.548880176840994,-0.6400996175801524,1.1677886298331035,1.328323903157036,0.34745839353050895,0.4944544836650316,-0.8989176582126244,-0.49441323247304414,0.9176629354822472,-1.5539093108484365,0.7280485181694576
0.9211861047205749,1.322635194762447,0.4970530340250533,1.1677886298331035,-0.5606080058524615,0.34745839353050895,0.09347507089823398,0.6687449706426098,-0.49441323247304414,0.9176629354822472,0.6435381994422817,0.7280485181694576
-0.850528441278928,-0.8074090714973827,0.6865784759592541,-0.6942889120420046,-1.0836968421935531,0.5372276071622564,-0.8178417762990333,1.234845364395889,-0.49441323247304414,0.9176629354822472,0.6435381994422817,0.7280485181694576
0.33061458938740723,0.1160594869760244,0.4970530340250533,0.05054210470803865,-1.4396878558145738,-0.9809261018917229,-0.9271997979627054,0.3639216816985365,-0.49441323247304414,0.9176629354822472,0.6435381994422817,0.7280485181694576
0.03532883172082341,-0.7737058394363094,0.4970530340250533,-1.439119928792048,-0.30996127177235516,-0.5381312700843123,-1.0365578196263774,-0.2457248961896101,-0.49441323247304414,0.9176629354822472,0.6435381994422817,0.7280485181694576
-0.99817132011222,-0.38274834752785974,1.6342056856302591,-1.439119928792048,-0.8475803535673659,0.6004840117061722,0.16638041867401537,0.4945602341031393,-0.49441323247304414,0.9176629354822472,-1.5539093108484365,-1.3735348332475334
0.03532883172082341,-1.1377007456959005,-0.45057417564595154,-0.6942889120420046,0.7362164009098281,0.34745839353050895,-0.854294450186924,0.05909839275446321,-0.49441323247304414,0.9176629354822472,0.6435381994422817,0.7280485181694576
0.9211861047205749,-0.5984490327187286,1.255154801761857,0.05054210470803865,-0.2700030967740773,1.9288685071284042,-1.0365578196263774,2.4541385201721817,2.0225995873897262,-1.0897247358851685,0.6435381994422817,0.7280485181694576
0.6259003470539911,0.5137576252966888,-1.335026238005556,-0.6942889120420046,-0.5097521467637444,0.34745839353050895,-1.5104425801689563,0.45101404996827177,-0.49441323247304414,-1.0897247358851685,0.6435381994422817,0.7280485181694576
-0.99817132011222,1.6798894546098235,0.1180021501566513,1.5402041382081253,0.5218952804645197,0.09443277535484573,0.7860758747681569,-1.1166485788869625,-0.49441323247304414,0.9176629354822472,0.6435381994422817,-1.3735348332475334
-0.99817132011222,-0.8074090714973827,-0.008348144466149328,1.5402041382081253,-0.5351800763081029,0.7902532253379195,0.45800180977714083,0.7558373389123451,-0.49441323247304414,0.9176629354822472,0.6435381994422817,-1.3735348332475334
-0.99817132011222,-0.28837929775685467,0.37070273940225257,-0.321873403666983,-0.2554728513201581,-1.2339517200673862,0.09347507089823398,-1.0295562106172271,-0.49441323247304414,0.9176629354822472,0.6435381994422817,-1.3735348332475334
0.47825746822069914,-1.380364016535628,-1.4613765326283565,-1.0667044204170264,1.8877383531329253,-0.47487486554039643,0.7131705269923757,-0.5505481851336834,2.0225995873897262,-1.0897247358851685,-1.5539093108484365,0.7280485181694576
1.6594004988870346,1.4978920014800279,-0.5769244702687522,-1.0667044204170264,-0.06657966041920838,-0.8544132928038912,1.0047919180955012,0.4945602341031393,-0.49441323247304414,0.9176629354822472,0.6435381994422817,0.7280485181694576
-0.5552426836123442,-0.8950374748561732,0.37070273940225257,-1.0667044204170264,1.9059011599503246,1.4228172707770774,0.20283309256190607,-0.7682791058080215,2.0225995873897262,-1.0897247358851685,0.6435381994422817,0.7280485181694576
-0.99817132011222,0.9788622277394997,-0.008348144466149328,0.4229576130830603,-0.5824033740333403,-0.03208003373298586,1.4786766786380803,-0.41990963272908055,-0.49441323247304414,-1.0897247358851685,0.6435381994422817,-1.3735348332475334
-0.99817132011222,1.6529268689609649,0.4970530340250533,0.7953731214580819,-1.0401061058317955,-0.9176696973478071,-0.5262203851959076,-0.2892710803244777,-0.49441323247304414,0.9176629354822472,0.6435381994422817,-1.3735348332475334
-0.99817132011222,0.1834659510981709,-0.8296250595143535,-0.321873403666983,0.6272395600054339,0.5372276071622564,-0.12524097242911014,-1.1601947630218301,-0.49441323247304414,-1.0897247358851685,0.6435381994422817,-1.3735348332475334
-0.99817132011222,-0.28163865134464,1.0024542125162559,1.5402041382081253,-2.634800544399429,-1.4869773382430493,-1.3646318846173935,0.9735682595866831,-0.49441323247304414,0.9176629354822472,-1.5539093108484365,-1.3735348332475334
-0.99817132011222,0.6081266750676939,0.9392790652048555,1.5402041382081253,-1.2725900330945028,-0.6013876746282281,-0.6720310807474705,-0.811825289942889,-0.49441323247304414,-1.0897247358851685,0.6435381994422817,-1.3735348332475334
1.3641147412204506,0.6890144320142697,0.9392790652048555,-1.439119928792048,0.6926256645480705,0.980022438969667,-1.3281792107295027,-0.37636344859421295,-0.49441323247304414,0.9176629354822472,0.6435381994422817,0.7280485181694576
1.6594004988870346,1.6866301010220381,-1.7772522691853583,0.4229576130830603,1.7061102849589354,-0.47487486554039643,1.6973927219654241,-0.5505481851336834,-0.49441323247304414,0.9176629354822472,-1.5539093108484365,0.7280485181694576
-0.99817132011222,-0.6658554968408751,-1.0191505014485545,-0.6942889120420046,1.6697846713241373,0.663740416250088,-0.2710516679806729,-0.9860100264823596,-0.49441323247304414,0.9176629354822472,0.6435381994422817,-1.3735348332475334
-0.40759980477905233,-0.2681573585202107,-0.6400996175801524,0.4229576130830603,1.4990542872405865,0.5372276071622564,-0.963652471850596,0.4074678658334041,2.0225995873897262,-1.0897247358851685,0.6435381994422817,0.7280485181694576
0.9211861047205749,0.8710118851440652,1.255154801761857,0.05054210470803865,-0.7749291262977698,-1.1074389109795546,0.23928576644979677,-0.2892710803244777,-0.49441323247304414,-1.0897247358851685,0.6435381994422817,0.7280485181694576
-0.99817132011222,-0.10638184462705909,-1.2718510906941556,1.1677886298331035,-0.6114638649411788,0.980022438969667,-1.3646318846173935,1.191299180261021,-0.49441323247304414,0.9176629354822472,0.6435381994422817,-1.3735348332475334
-0.99817132011222,0.6755331391898405,0.05482700284525099,-1.0667044204170264,-1.6067856785346446,-1.4237209336991337,0.12992774478612468,-0.8553714740777567,-0.49441323247304414,-1.0897247358851685,0.6435381994422817,0.7280485181694576
-0.99817132011222,1.3833010124723788,-0.3873990283345512,-0.321873403666983,-1.2035713671883865,0.5372276071622564,0.42154913588925014,1.0606606278564186,-0.49441323247304414,0.9176629354822472,-1.5539093108484365,-1.3735348332475334
0.6259003470539911,-0.09290055180262977,1.5710305383188585,0.7953731214580819,0.26398342365745403,0.6004840117061722,0.676717853104485,-1.6827489726402414,-0.49441323247304414,-1.0897247358851685,0.6435381994422817,0.7280485181694576
-0.40759980477905233,-0.3557857618790012,1.1919796544504566,-1.0667044204170264,0.17680195093393838,0.41071479807442474,-0.8907471240748146,0.3203754975636689,-0.49441323247304414,0.9176629354822472,0.6435381994422817,-1.3735348332475334
0.6259003470539911,0.014949790792804635,-0.9559753541371541,-1.439119928792048,0.06782511002954432,1.2963044616892458,-1.619800601832628,0.6251987865077422,-0.49441323247304414,0.9176629354822472,0.6435381994422817,0.7280485181694576
1.2164718623871587,-0.4771173972988649,1.255154801761857,0.7953731214580819,-0.7240732672090526,-1.4237209336991337,0.8225285486560476,-0.594094369268551,-0.49441323247304414,-1.0897247358851685,0.6435381994422817,0.7280485181694576
-0.2599569259457604,0.3452414649913225,0.4970530340250533,-0.321873403666983,-1.341608699000619,0.8535096298818354,1.4786766786380803,0.6687449706426098,-0.49441323247304414,-1.0897247358851685,0.6435381994422817,0.7280485181694576
0.9211861047205749,-1.575842762489853,1.3815050963846576,1.1677886298331035,-0.9129664581100023,0.5372276071622564,1.1870552875349547,1.191299180261021,-0.49441323247304414,0.9176629354822472,-1.5539093108484365,0.7280485181694576
-0.99817132011222,-1.205107209818047,0.43387788671365296,-1.0667044204170264,0.11868096911826155,1.549330079864909,0.9318865703197197,1.6267610216096973,2.0225995873897262,-1.0897247358851685,0.6435381994422817,-1.3735348332475334
0.33061458938740723,-0.18052895516142026,1.1288045071390564,-1.439119928792048,0.772542014544626,-0.03208003373298586,0.6038125053287036,0.8429297071820803,2.0225995873897262,-1.0897247358851685,0.6435381994422817,0.7280485181694576
1.2164718623871587,1.3833010124723788,1.1288045071390564,0.4229576130830603,-0.44799860358458765,-0.34836205645256485,-0.015882950765438084,-0.2892710803244777,-0.49441323247304414,0.9176629354822472,0.6435381994422817,0.7280485181694576
-0.99817132011222,0.5002763324722596,1.3815050963846576,0.7953731214580819,-1.7775160626181952,-0.09533643827690166,-0.34395701575645427,0.9300220754518155,-0.49441323247304414,0.9176629354822472,0.6435381994422817,-1.3735348332475334
1.0688289835538667,1.2552287306403005,-1.3982013853169564,0.4229576130830603,0.718053594092429,-0.5381312700843123,1.7338453958533149,0.14619076102419845,-0.49441323247304414,0.9176629354822472,0.6435381994422817,0.7280485181694576
-0.850528441278928,-0.6793367896653044,-0.5769244702687522,-1.0667044204170264,0.42018356228708514,-0.6013876746282281,0.27573844033768746,-0.7682791058080215,-0.49441323247304414,0.9176629354822472,0.6435381994422817,0.7280485181694576
-0.99817132011222,-0.4097109331767184,0.1811772974680516,0.7953731214580819,-0.0011935558765719335,-1.6767465518747968,0.8225285486560476,-1.2908333154264329,-0.49441323247304414,0.9176629354822472,0.6435381994422817,0.7280485181694576
-0.99817132011222,1.3158945483502322,0.6865784759592541,0.4229576130830603,-0.29906358768191577,-1.0441825064356387,0.09347507089823398,-0.6376405534034186,-0.49441323247304414,0.9176629354822472,0.6435381994422817,-1.3735348332475334
1.2164718623871587,1.572039112014389,1.1919796544504566,1.5402041382081253,1.4772589190597079,-1.3604645291552178,-1.073010493514268,-1.726295156775109,2.0225995873897262,-1.0897247358851685,0.6435381994422817,0.7280485181694576
0.47825746822069914,-1.5825834089020676,0.43387788671365296,0.4229576130830603,2.0802641053973545,0.7269968207940037,0.3486437881134688,-0.5070020009988158,2.0225995873897262,-1.0897247358851685,0.6435381994422817,0.7280485181694576
-0.40759980477905233,-0.34230446905457185,-0.6400996175801524,1.1677886298331035,-0.19371930814100147,-1.92977217005046,-0.963652471850596,-1.944026077449447,-0.49441323247304414,-1.0897247358851685,0.6435381994422817,0.7280485181694576
-0.99817132011222,0.9653809349150704,1.5078553910074584,1.1677886298331035,-0.6659522853933757,0.7269968207940037,0.020569723122452605,-0.027993975515272027,-0.49441323247304414,0.9176629354822472,0.6435381994422817,-1.3735348332475334
-0.99817132011222,0.5542015037699767,-0.5769244702687522,-0.321873403666983,0.08235535548346352,0.15768917989876155,0.27573844033768746,0.4945602341031393,2.0225995873897262,-1.0897247358851685,-1.5539093108484365,-1.3735348332475334
-0.99817132011222,-0.9220000605050318,0.1811772974680516,1.1677886298331035,-0.32085895586279456,1.8023556980405722,-1.4739899062810655,1.9751304946886383,-0.49441323247304414,0.9176629354822472,-1.5539093108484365,-1.3735348332475334
0.7735432258872831,-0.1333444302759177,0.4970530340250533,1.5402041382081253,1.713375407685895,0.5372276071622564,-1.5104425801689563,-0.33281726445934534,2.0225995873897262,-1.0897247358851685,-1.5539093108484365,0.7280485181694576
-0.99817132011222,-1.3938453093600573,-0.7032747648915528,1.5402041382081253,-1.8828603421591097,-0.9176696973478071,-1.656253275720519,0.18973694515906606,-0.49441323247304414,-1.0897247358851685,-1.5539093108484365,-1.3735348332475334
1.0688289835538667,1.6394455761365356,1.5710305383188585,-1.439119928792048,-1.1636131921901087,-0.47487486554039643,-1.291726536841612,0.8864758913169479,-0.49441323247304414,0.9176629354822472,-1.5539093108484365,0.7280485181694576
-0.99817132011222,-1.1039975136348275,-0.7664499122029531,-0.321873403666983,0.40928587819664575,0.8535096298818354,-1.291726536841612,0.538106418238007,-0.49441323247304414,0.9176629354822472,0.6435381994422817,-1.3735348332475334
0.6259003470539911,-1.5623614696654236,-0.45057417564595154,1.1677886298331035,0.4928347895566812,1.1697916526014143,-0.2710516679806729,0.015552208619595588,-0.49441323247304414,0.9176629354822472,0.6435381994422817,0.7280485181694576
-0.99817132011222,-1.4140672485967014,0.1180021501566513,0.7953731214580819,-0.47705909449242606,1.7390992934966565,-0.2710516679806729,0.3203754975636689,-0.49441323247304414,-1.0897247358851685,0.6435381994422817,-1.3735348332475334
-0.99817132011222,-1.245551088291335,1.3815050963846576,0.4229576130830603,-0.15739369450620344,-0.6013876746282281,-1.1094631674021587,-0.8553714740777567,-0.49441323247304414,0.9176629354822472,-1.5539093108484365,-1.3735348332475334
0.6259003470539911,1.5990016976632477,-0.2610487337117506,-1.0667044204170264,0.3330020895635699,-1.1706953155234705,1.624487374189643,0.6251987865077422,2.0225995873897262,-1.0897247358851685,-1.5539093108484365,0.7280485181694576
1.2164718623871587,-0.3086012369934986,-1.3982013853169564,-1.439119928792048,0.975965450899495,0.6004840117061722,-0.2710516679806729,0.7558373389123451,-0.49441323247304414,0.9176629354822472,0.6435381994422817,0.7280485181694576
-0.99817132011222,-0.5243019221843674,-0.7032747648915528,0.4229576130830603,0.6998907872750301,-2.3093105973139547,0.27573844033768746,-2.9455883125514024,-0.49441323247304414,0.9176629354822472,-1.5539093108484365,-1.3735348332475334
-0.99817132011222,-0.8613342427951,1.3815050963846576,1.1677886298331035,-0.9892502467430782,0.41071479807442474,1.5515820264138616,0.3203754975636689,-0.49441323247304414,0.9176629354822472,-1.5539093108484365,0.7280485181694576
-0.40759980477905233,1.0867125703349343,0.7497536232706544,-1.0667044204170264,-1.1708783149170683,-0.5381312700843123,0.8225285486560476,-0.20217871205474247,-0.49441323247304414,-1.0897247358851685,0.6435381994422817,0.7280485181694576
-0.99817132011222,-1.0298504031004663,-0.9559753541371541,1.1677886298331035,-0.2809007808645167,-0.47487486554039643,-0.015882950765438084,-1.2037409471566978,-0.49441323247304414,-1.0897247358851685,0.6435381994422817,-1.3735348332475334
1.3641147412204506,0.2104285367470295,-0.7032747648915528,-1.0667044204170264,0.9432723986281768,0.4739712026183406,-0.6720310807474705,-0.7682791058080215,-0.49441323247304414,0.9176629354822472,0.6435381994422817,0.7280485181694576
0.7735432258872831,-1.4477704806577745,0.8129287705820549,1.5402041382081253,0.10415072366434235,-0.47487486554039643,0.020569723122452605,-1.2037409471566978,-0.49441323247304414,0.9176629354822472,-1.5539093108484365,0.7280485181694576
1.2164718623871587,1.1204158023960074,0.8129287705820549,-1.439119928792048,1.6116636895084604,0.663740416250088,0.38509646200135944,0.14619076102419845,2.0225995873897262,-1.0897247358851685,0.6435381994422817,0.7280485181694576
1.6594004988870346,1.1406377416326514,-1.2718510906941556,-0.6942889120420046,1.0704120463499698,-1.1706953155234705,1.259960635310736,-0.594094369268551,-0.49441323247304414,0.9176629354822472,0.6435381994422817,0.7280485181694576
-0.99817132011222,1.6731488081976087,-0.8296250595143535,-0.6942889120420046,0.5037324736471206,1.2330480571453302,-0.6355784068595798,0.1026445768893308,-0.49441323247304414,0.9176629354822472,0.6435381994422817,-1.3735348332475334
-0.2599569259457604,-1.3399201380623402,0.43387788671365296,1.5402041382081253,-0.20461699223144086,1.1065352480574984,0.38509646200135944,1.6267610216096973,-0.49441323247304414,0.9176629354822472,0.6435381994422817,0.7280485181694576
-0.2599569259457604,1.6259642833121062,0.9392790652048555,-1.439119928792048,-1.3779343126354169,-0.8544132928038912,0.3486437881134688,0.4945602341031393,-0.49441323247304414,0.9176629354822472,0.6435381994422817,0.7280485181694576
-0.99817132011222,-1.6634711658486432,0.43387788671365296,-1.0667044204170264,-0.7458686353899314,-0.9176696973478071,-0.6720310807474705,-0.6811867375382863,-0.49441323247304414,0.9176629354822472,0.6435381994422817,0.7280485181694576
-0.99817132011222,1.208044205754798,-0.5137493229573519,1.1677886298331035,-0.8730082831117245,2.1186377207601517,-0.05233562465332877,2.1493152312281083,-0.49441323247304414,0.9176629354822472,0.6435381994422817,-1.3735348332475334
-0.99817132011222,0.1699846582737416,-1.7772522691853583,-1.439119928792048,1.6625195485971778,-0.41161846099648064,-1.619800601832628,-1.2037409471566978,2.0225995873897262,-1.0897247358851685,0.6435381994422817,-1.3735348332475334
0.6259003470539911,0.20368789033481485,0.1180021501566513,0.7953731214580819,0.7325838395463482,-0.6646440791721439,-0.30750434186856357,0.538106418238007,2.0225995873897262,-1.0897247358851685,-1.5539093108484365,0.7280485181694576
0.03532883172082341,0.29805694010581996,-0.8296250595143535,-1.439119928792048,-0.5606080058524615,0.663740416250088,-0.38040968964434496,1.3219377326656239,-0.49441323247304414,0.9176629354822472,0.6435381994422817,0.7280485181694576
-0.99817132011222,-0.5580051542454406,-0.008348144466149328,-1.0667044204170264,2.7195949053698,0.8535096298818354,-1.401084558505284,-1.508564236100771,2.0225995873897262,-1.0897247358851685,-1.5539093108484365,-1.3735348332475334
-0.99817132011222,-0.146825723100347,1.0024542125162559,-0.321873403666983,0.038764619121705896,-0.6013876746282281,0.0570223970103433,0.4945602341031393,2.0225995873897262,-1.0897247358851685,0.6435381994422817,-1.3735348332475334
-0.99817132011222,0.6957550784264843,-1.7772522691853583,1.5402041382081253,1.0522492395325709,2.1186377207601517,0.3486437881134688,0.18973694515906606,-0.49441323247304414,0.9176629354822472,0.6435381994422817,-1.3735348332475334
-0.99817132011222,-1.5623614696654236,1.444680243696058,1.1677886298331035,-0.8875385285656437,2.308406934391899,-0.12524097242911014,1.888038126418903,-0.49441323247304414,0.9176629354822472,0.6435381994422817,0.7280485181694576
-0.99817132011222,-0.28163865134464,0.37070273940225257,1.1677886298331035,0.5691185781897572,-0.6646440791721439,-0.1981463202048915,-1.1601947630218301,-0.49441323247304414,0.9176629354822472,-1.5539093108484365,-1.3735348332475334
0.9211861047205749,-0.8006684250851681,0.1180021501566513,-1.0667044204170264,1.4772589190597079,-0.28510565190864906,1.8067507436290964,-1.2908333154264329,-0.49441323247304414,0.9176629354822472,0.6435381994422817,0.7280485181694576
-0.99817132011222,0.06213431567830719,1.1288045071390564,-1.439119928792048,-0.01209123996701134,-1.7400029564187125,1.8067507436290964,-1.0295562106172271,-0.49441323247304414,0.9176629354822472,-1.5539093108484365,-1.3735348332475334
-0.99817132011222,1.6057423440754621,-1.335026238005556,-0.6942889120420046,0.13321121457218077,-2.4990798109457018,-0.5991257329716891,-2.292395550528388,-0.49441323247304414,-1.0897247358851685,0.6435381994422817,-1.3735348332475334
-0.2599569259457604,0.2643537080447467,0.4970530340250533,-0.6942889120420046,-0.2700030967740773,-0.6013876746282281,1.041244591983392,0.3639216816985365,2.0225995873897262,-1.0897247358851685,0.6435381994422817,0.7280485181694576
0.47825746822069914,1.3293758411746617,-0.8296250595143535,0.05054210470803865,0.9687003281725355,-0.6013876746282281,0.0570223970103433,0.5816526023728746,2.0225995873897262,-1.0897247358851685,-1.5539093108484365,0.7280485181694576
0.9211861047205749,-0.6658554968408751,0.5602281813364536,1.5402041382081253,0.28941135320181227,0.09443277535484573,-0.963652471850596,0.2768293134288013,2.0225995873897262,-1.0897247358851685,0.6435381994422817,0.7280485181694576
1.3641147412204506,-1.3534014308867695,0.9392790652048555,-0.6942889120420046,0.478304544102762,0.22094558444267734,0.20283309256190607,0.18973694515906606,-0.49441323247304414,0.9176629354822472,0.6435381994422817,0.7280485181694576
0.9211861047205749,0.7901241281974895,0.6234033286478539,1.5402041382081253,-1.4505855399050132,0.980022438969667,-0.489767711308017,1.800945758149168,-0.49441323247304414,0.9176629354822472,0.6435381994422817,0.7280485181694576
1.8070433777203263,1.4170042445334523,-1.587726827251157,-0.321873403666983,0.32936952820009013,-0.22184924736473324,1.150602613647064,0.2768293134288013,-0.49441323247304414,-1.0897247358851685,0.6435381994422817,0.7280485181694576
-0.99817132011222,-1.5960647017264968,1.3183299490732574,-1.0667044204170264,-2.362358442138444,-2.0562849791382916,0.7496232008802663,0.015552208619595588,-0.49441323247304414,-1.0897247358851685,0.6435381994422817,-1.3735348332475334
-0.5552426836123442,-1.494955005543277,0.05482700284525099,-1.0667044204170264,-0.4625288490385069,0.8535096298818354,-1.7291586234963003,0.14619076102419845,-0.49441323247304414,0.9176629354822472,-1.5539093108484365,0.7280485181694576
-0.99817132011222,-0.9152594140928172,-1.714077121873958,-1.0667044204170264,0.24582061684005463,0.41071479807442474,-0.05233562465332877,0.2332831292939337,-0.49441323247304414,0.9176629354822472,-1.5539093108484365,-1.3735348332475334
0.18297171055411535,0.9518996420906412,-1.145500796071355,-1.439119928792048,0.09325303957390293,0.22094558444267734,1.6973927219654241,-0.6811867375382863,-0.49441323247304414,-1.0897247358851685,0.6435381994422817,0.7280485181694576
0.7735432258872831,0.4665731004111862,-0.19787358640035027,0.05054210470803865,-0.45889628767502705,1.2963044616892458,-0.08878829854121946,0.6687449706426098,-0.49441323247304414,-1.0897247358851685,0.6435381994422817,0.7280485181694576
-0.99817132011222,0.12280013338823904,1.1919796544504566,-1.439119928792048,-1.1672457535535885,1.3595608662331617,-1.1094631674021587,1.191299180261021,-0.49441323247304414,0.9176629354822472,0.6435381994422817,-1.3735348332475334
-0.99817132011222,-0.9017781212683879,-1.587726827251157,0.4229576130830603,0.2821462304748524,0.09443277535484573,1.1870552875349547,1.6703072057445651,2.0225995873897262,-1.0897247358851685,-1.5539093108484365,0.7280485181694576
0.03532883172082341,-1.5084362983677064,0.37070273940225257,-1.0667044204170264,0.921477030447298,0.41071479807442474,-1.3646318846173935,-0.8553714740777567,-0.49441323247304414,0.9176629354822472,-1.5539093108484365,0.7280485181694576
-0.99817132011222,-0.5984490327187286,-0.9559753541371541,0.7953731214580819,-0.7603988808438507,1.6758428889527408,1.6609400480775336,1.888038126418903,-0.49441323247304414,0.9176629354822472,0.6435381994422817,-1.3735348332475334
-0.99817132011222,0.8912338243807093,-1.7772522691853583,1.5402041382081253,0.49646735092016103,0.28420198898659316,-1.4739899062810655,-0.7247329216731538,-0.49441323247304414,0.9176629354822472,0.6435381994422817,-1.3735348332475334
-0.99817132011222,-0.2614167121079961,-0.19787358640035027,0.7953731214580819,0.02786693503126649,1.2963044616892458,-1.3281792107295027,1.7573995740143,2.0225995873897262,-1.0897247358851685,0.6435381994422817,-1.3735348332475334
-0.2599569259457604,-0.2614167121079961,-1.335026238005556,-1.439119928792048,0.29667647592877183,1.4860736753209933,0.4944544836650316,0.9735682595866831,-0.49441323247304414,0.9176629354822472,0.6435381994422817,0.7280485181694576
0.6259003470539911,1.0462686918616464,1.5710305383188585,1.1677886298331035,-0.16102625586968325,-1.2339517200673862,-0.8907471240748146,-0.8989176582126244,-0.49441323247304414,-1.0897247358851685,-1.5539093108484365,-1.3735348332475334
1.0688289835538667,-1.1444413921081151,-1.8404274164967587,0.05054210470803865,1.1793888872543639,-1.3604645291552178,0.020569723122452605,-1.5521104202356386,-0.49441323247304414,0.9176629354822472,-1.5539093108484365,0.7280485181694576
-0.99817132011222,0.9721215813272851,0.24435244477945192,0.7953731214580819,0.1985973191148172,1.9921249116723199,-0.6355784068595798,0.3203754975636689,-0.49441323247304414,-1.0897247358851685,0.6435381994422817,-1.3735348332475334
-0.99817132011222,-1.6230272873753555,1.1919796544504566,1.1677886298331035,-1.9409813239747864,-0.41161846099648064,1.0047919180955012,0.4074678658334041,-0.49441323247304414,-1.0897247358851685,-1.5539093108484365,-1.3735348332475334
-0.99817132011222,-1.0163691102760368,1.3815050963846576,-1.439119928792048,-0.3172263944993148,0.41071479807442474,1.4422240047501895,0.3203754975636689,-0.49441323247304414,0.9176629354822472,-1.5539093108484365,-1.3735348332475334
-0.99817132011222,0.48679503964783016,-1.6509019745625577,0.4229576130830603,-0.32085895586279456,0.9167660344257511,-1.0365578196263774,0.6251987865077422,-0.49441323247304414,-1.0897247358851685,0.6435381994422817,-1.3735348332475334
1.3641147412204506,1.5450765263655304,-1.524551679939757,0.05054210470803865,1.1212679054386872,-0.22184924736473324,-1.8020639712720818,0.6251987865077422,2.0225995873897262,-1.0897247358851685,0.6435381994422817,0.7280485181694576
-0.40759980477905233,-0.8478529499706707,-0.07152329177754965,-0.321873403666983,-1.7266602035294782,0.663740416250088,-0.1981463202048915,1.4525762850702268,-0.49441323247304414,-1.0897247358851685,0.6435381994422817,0.7280485181694576
-0.99817132011222,0.8440492994952067,1.1288045071390564,0.05054210470803865,0.05329486457562511,-0.9809261018917229,1.7702980697412056,-0.8553714740777567,-0.49441323247304414,0.9176629354822472,-1.5539093108484365,0.7280485181694576
1.3641147412204506,0.23739112239588814,-0.7664499122029531,-0.6942889120420046,0.9904956963534143,1.2330480571453302,1.7702980697412056,-0.15863252791987487,-0.49441323247304414,-1.0897247358851685,0.6435381994422817,0.7280485181694576
1.0688289835538667,0.25087241522031745,1.1919796544504566,0.4229576130830603,-0.17555650132360245,0.6004840117061722,-0.05233562465332877,0.5816526023728746,-0.49441323247304414,0.9176629354822472,0.6435381994422817,0.7280485181694576
1.0688289835538667,0.9518996420906412,-0.8296250595143535,-1.0667044204170264,0.7543792077272271,-1.1706953155234705,1.4786766786380803,-0.594094369268551,-0.49441323247304414,0.9176629354822472,-1.5539093108484365,0.7280485181694576
-0.99817132011222,-0.9894065246271785,1.6342056856302591,0.7953731214580819,-0.7458686353899314,0.6004840117061722,1.4422240047501895,0.015552208619595588,-0.49441323247304414,0.9176629354822472,-1.5539093108484365,-1.3735348332475334
0.18297171055411535,-1.1039975136348275,-0.2610487337117506,1.1677886298331035,-0.6841150922107747,0.031176370810929936,-1.401084558505284,0.6687449706426098,-0.49441323247304414,0.9176629354822472,0.6435381994422817,0.7280485181694576
2.545257771886786,0.8305680066707775,-1.145500796071355,0.7953731214580819,1.8441476167711677,-0.22184924736473324,0.23928576644979677,0.45101404996827177,2.0225995873897262,-1.0897247358851685,-1.5539093108484365,0.7280485181694576
1.5117576200537426,0.048653022853877896,0.5602281813364536,1.1677886298331035,0.4456114918314438,-0.9176696973478071,1.1141499397591732,-1.1166485788869625,-0.49441323247304414,0.9176629354822472,-1.5539093108484365,0.7280485181694576
1.8070433777203263,0.37894469705239575,0.7497536232706544,0.05054210470803865,-0.8948036512926033,-0.28510565190864906,-1.5468952540568468,0.18973694515906606,-0.49441323247304414,0.9176629354822472,0.6435381994422817,0.7280485181694576
0.03532883172082341,0.0890969013271658,-0.008348144466149328,0.7953731214580819,1.5571752690562632,0.34745839353050895,-0.12524097242911014,0.4074678658334041,2.0225995873897262,-1.0897247358851685,-1.5539093108484365,0.7280485181694576
-0.99817132011222,-1.1444413921081151,-1.2718510906941556,1.5402041382081253,-0.4407334808576281,0.15768917989876155,0.8225285486560476,0.05909839275446321,-0.49441323247304414,0.9176629354822472,0.6435381994422817,-1.3735348332475334
0.6259003470539911,-0.32882317623014257,-0.07152329177754965,-1.0667044204170264,-0.2700030967740773,-1.1706953155234705,1.7702980697412056,0.6687449706426098,-0.49441323247304414,0.9176629354822472,0.6435381994422817,0.7280485181694576
2.397614893053494,0.6350892607165525,-1.0823256487599546,1.1677886298331035,0.7870722599985452,-1.1074389109795546,1.2235079614228452,0.538106418238007,2.0225995873897262,-1.0897247358851685,0.6435381994422817,0.7280485181694576
-0.702885562445636,1.5450765263655304,0.6865784759592541,0.7953731214580819,-1.432422733087614,-1.1706953155234705,0.31219111422557816,-0.594094369268551,-0.49441323247304414,-1.0897247358851685,0.6435381994422817,-1.3735348332475334
-0.99817132011222,-1.4410298342455599,1.065629359827656,0.4229576130830603,-0.28453334222799653,-0.6646440791721439,1.259960635310736,-0.37636344859421295,-0.49441323247304414,0.9176629354822472,0.6435381994422817,-1.3735348332475334
1.2164718623871587,-1.1646633313447592,-0.3873990283345512,1.5402041382081253,-0.37897993767847143,-0.34836205645256485,0.23928576644979677,0.6687449706426098,-0.49441323247304414,0.9176629354822472,0.6435381994422817,0.7280485181694576
-0.99817132011222,1.6798894546098235,0.6865784759592541,-1.0667044204170264,0.14047633729914036,-0.28510565190864906,-0.7449364285232519,-0.811825289942889,-0.49441323247304414,0.9176629354822472,-1.5539093108484365,-1.3735348332475334
-0.99817132011222,-1.5623614696654236,-0.3242238810231509,0.7953731214580819,0.8342955577237827,0.5372276071622564,-1.2188211890658307,0.14619076102419845,2.0225995873897262,-1.0897247358851685,0.6435381994422817,0.7280485181694576
1.0688289835538667,-1.6365085801997847,-0.3873990283345512,0.4229576130830603,1.8259848099537688,0.09443277535484573,0.7131705269923757,-2.031118445719182,-0.49441323247304414,0.9176629354822472,-1.5539093108484365,0.7280485181694576
-0.99817132011222,1.113675155983793,-0.19787358640035027,-0.321873403666983,-1.3743017512719373,-0.22184924736473324,0.12992774478612468,1.4090301009353594,-0.49441323247304414,0.9176629354822472,0.6435381994422817,-1.3735348332475334
0.47825746822069914,0.9653809349150704,-0.9559753541371541,1.1677886298331035,-0.7640314422073304,0.28420198898659316,-1.291726536841612,0.538106418238007,-0.49441323247304414,-1.0897247358851685,0.6435381994422817,0.7280485181694576
0.33061458938740723,1.551817172777745,-0.7664499122029531,-0.321873403666983,0.07872279411998373,-2.0562849791382916,1.6973927219654241,-1.4650180519659035,-0.49441323247304414,-1.0897247358851685,0.6435381994422817,0.7280485181694576
-0.702885562445636,0.662051846365411,-0.45057417564595154,0.05054210470803865,-1.1091247717379118,-0.03208003373298586,-1.073010493514268,0.2768293134288013,-0.49441323247304414,-1.0897247358851685,-1.5539093108484365,0.7280485181694576
-0.99817132011222,0.2643537080447467,-1.2718510906941556,0.7953731214580819,-0.8621105990212851,-0.15859284282081745,1.588034700301752,1.4961224692050943,-0.49441323247304414,-1.0897247358851685,0.6435381994422817,-1.3735348332475334
0.47825746822069914,-1.5691021160776382,-1.524551679939757,1.1677886298331035,-0.6695848467568556,-1.0441825064356387,-0.7084837546353612,0.14619076102419845,-0.49441323247304414,0.9176629354822472,-1.5539093108484365,0.7280485181694576
-0.2599569259457604,-0.9017781212683879,0.6234033286478539,-0.321873403666983,-0.4407334808576281,1.549330079864909,-0.08878829854121946,0.8429297071820803,-0.49441323247304414,0.9176629354822472,-1.5539093108484365,0.7280485181694576
-0.2599569259457604,-0.841112303558456,0.05482700284525099,-1.0667044204170264,0.3547974577444487,-0.6646440791721439,0.9683392442076103,-1.4214718678310356,-0.49441323247304414,-1.0897247358851685,0.6435381994422817,0.7280485181694576
0.7735432258872831,0.7361989568997723,-0.8928002068257538,1.5402041382081253,-0.0011935558765719335,2.308406934391899,-1.619800601832628,1.8444919422840356,-0.49441323247304414,0.9176629354822472,0.6435381994422817,0.7280485181694576
0.7735432258872831,1.0058248133883583,-1.587726827251157,-1.439119928792048,1.640724180416299,-0.15859284282081745,1.0047919180955012,0.7558373389123451,2.0225995873897262,-1.0897247358851685,0.6435381994422817,0.7280485181694576
0.18297171055411535,0.9384183492662118,0.43387788671365296,-1.0667044204170264,-0.6768499694838152,-1.3604645291552178,1.0776972658712825,-0.8553714740777567,-0.49441323247304414,0.9176629354822472,0.6435381994422817,0.7280485181694576
0.6259003470539911,0.45309180758675693,1.3815050963846576,-1.0667044204170264,-1.5958879944442053,-1.7400029564187125,-1.8020639712720818,-1.1601947630218301,-0.49441323247304414,-1.0897247358851685,-1.5539093108484365,0.7280485181694576
-0.702885562445636,0.9047151172051385,0.4970530340250533,1.5402041382081253,-1.2471621035501441,-0.22184924736473324,-1.291726536841612,0.8429297071820803,-0.49441323247304414,0.9176629354822472,0.6435381994422817,-1.3735348332475334
2.397614893053494,1.4911513550678133,-1.145500796071355,0.7953731214580819,0.4129184395601256,-2.3725670018578704,1.4786766786380803,-1.0731023947520948,-0.49441323247304414,-1.0897247358851685,-1.5539093108484365,0.7280485181694576
0.47825746822069914,0.06887496209052185,0.3075275920908523,-0.6942889120420046,0.9614352054455758,-0.7911568882599754,-1.291726536841612,-1.595656604370506,-0.49441323247304414,0.9176629354822472,0.6435381994422817,0.7280485181694576
-0.702885562445636,-0.10638184462705909,0.4970530340250533,-1.0667044204170264,0.05692742593910491,-0.8544132928038912,0.6402651792165943,-0.7682791058080215,-0.49441323247304414,0.9176629354822472,0.6435381994422817,0.7280485181694576
-0.1123140471124685,1.0193061062127877,1.1288045071390564,0.7953731214580819,-1.2035713671883865,0.28420198898659316,-1.5468952540568468,0.7122911547774774,-0.49441323247304414,-1.0897247358851685,0.6435381994422817,0.7280485181694576
0.6259003470539911,-1.110738160047042,1.3815050963846576,-0.6942889120420046,-1.1999388058249065,-0.7911568882599754,-0.05233562465332877,-0.46345581686394816,-0.49441323247304414,0.9176629354822472,-1.5539093108484365,0.7280485181694576
-0.850528441278928,0.7968647746097042,-1.8404274164967587,-0.6942889120420046,1.0340864327151718,-0.9176696973478071,0.16638041867401537,-0.37636344859421295,2.0225995873897262,-1.0897247358851685,0.6435381994422817,-1.3735348332475334
-0.99817132011222,1.3967823052968082,0.43387788671365296,-1.439119928792048,0.2821462304748524,-0.9176696973478071,1.259960635310736,-0.8553714740777567,-0.49441323247304414,-1.0897247358851685,-1.5539093108484365,-1.3735348332475334
0.47825746822069914,0.9990841669761437,1.1919796544504566,0.7953731214580819,0.7507466463637472,1.3595608662331617,-1.0365578196263774,0.6687449706426098,2.0225995873897262,-1.0897247358851685,-1.5539093108484365,0.7280485181694576
-0.2599569259457604,0.19020659751038557,-1.335026238005556,0.7953731214580819,0.013336689577347278,2.245150529847983,0.42154913588925014,0.538106418238007,-0.49441323247304414,-1.0897247358851685,0.6435381994422817,0.7280485181694576
0.7735432258872831,1.1541190344570806,-1.2086759433827554,-0.6942889120420046,0.7398489622733078,-1.1706953155234705,-0.12524097242911014,-1.0731023947520948,-0.49441323247304414,0.9176629354822472,-1.5539093108484365,0.7280485181694576
-0.99817132011222,-0.456895458062221,-0.008348144466149328,0.7953731214580819,0.6054441918245551,1.6758428889527408,0.38509646200135944,0.4074678658334041,-0.49441323247304414,0.9176629354822472,0.6435381994422817,-1.3735348332475334
0.6259003470539911,0.9249370564417825,0.7497536232706544,0.05054210470803865,-1.5559298194459272,0.28420198898659316,-0.30750434186856357,0.5816526023728746,-0.49441323247304414,-1.0897247358851685,0.6435381994422817,0.7280485181694576
0.9211861047205749,1.6057423440754621,-0.19787358640035027,-0.6942889120420046,0.3620625804714083,-1.9930285745943754,0.4944544836650316,-1.726295156775109,-0.49441323247304414,0.9176629354822472,0.6435381994422817,0.7280485181694576
-0.2599569259457604,-1.4410298342455599,1.3183299490732574,-1.439119928792048,-0.19371930814100147,-0.41161846099648064,1.0776972658712825,-0.37636344859421295,-0.49441323247304414,0.9176629354822472,0.6435381994422817,0.7280485181694576
-0.99817132011222,1.632704929724321,-1.3982013853169564,0.05054210470803865,-0.8802734058386842,-0.22184924736473324,-0.41686236353223566,-0.20217871205474247,-0.49441323247304414,-1.0897247358851685,-1.5539093108484365,-1.3735348332475334
1.2164718623871587,-0.22097283363470815,0.24435244477945192,1.1677886298331035,0.14410889866262017,-1.3604645291552178,1.041244591983392,-0.6376405534034186,-0.49441323247304414,-1.0897247358851685,0.6435381994422817,0.7280485181694576
-0.99817132011222,-1.2118478562302617,0.8761039178934552,-1.0667044204170264,0.006071566850387672,-0.28510565190864906,0.45800180977714083,-1.1166485788869625,-0.49441323247304414,0.9176629354822472,0.6435381994422817,-1.3735348332475334
-0.99817132011222,0.1699846582737416,0.5602281813364536,-0.321873403666983,0.06055998730258471,-0.47487486554039643,-1.401084558505284,-0.2892710803244777,2.0225995873897262,-1.0897247358851685,0.6435381994422817,-1.3735348332475334
0.7735432258872831,-0.5917083863065139,-0.6400996175801524,1.5402041382081253,-0.5642405672159413,0.663740416250088,-0.015882950765438084,1.5396686533399622,-0.49441323247304414,0.9176629354822472,0.6435381994422817,0.7280485181694576
0.9211861047205749,0.8238273602585627,-1.7772522691853583,-1.0667044204170264,-0.7313383899360122,1.4860736753209933,0.09347507089823398,2.018676678823506,-0.49441323247304414,-1.0897247358851685,-1.5539093108484365,0.7280485181694576
-0.1123140471124685,1.1810816201059393,-1.8404274164967587,1.1677886298331035,0.12957865320870096,-0.6013876746282281,-1.619800601832628,-0.07154015965013964,-0.49441323247304414,0.9176629354822472,0.6435381994422817,0.7280485181694576
0.33061458938740723,-1.6297679337875701,0.6865784759592541,-0.321873403666983,0.6889931031845906,-0.22184924736473324,0.6038125053287036,-0.46345581686394816,-0.49441323247304414,0.9176629354822472,0.6435381994422817,0.7280485181694576
-0.99817132011222,0.22390982957145883,1.5710305383188585,-1.439119928792048,-0.5606080058524615,-0.28510565190864906,-1.4375372323931748,-0.33281726445934534,-0.49441323247304414,0.9176629354822472,0.6435381994422817,-1.3735348332475334
-0.99817132011222,-1.380364016535628,-0.2610487337117506,1.1677886298331035,1.6334590576893393,0.4739712026183406,0.42154913588925014,-1.4214718678310356,-0.49441323247304414,0.9176629354822472,0.6435381994422817,-1.3735348332475334
1.2164718623871587,0.021690437205019286,-1.524551679939757,-1.439119928792048,1.1539609577100054,0.34745839353050895,1.8067507436290964,0.3203754975636689,-0.49441323247304414,0.9176629354822472,0.6435381994422817,0.7280485181694576
0.47825746822069914,-0.5984490327187286,0.43387788671365296,-0.321873403666983,0.3838579486522872,-0.41161846099648064,0.6402651792165943,-0.6811867375382863,-0.49441323247304414,0.9176629354822472,0.6435381994422817,0.7280485181694576
0.6259003470539911,1.2821913162891592,0.6234033286478539,-1.439119928792048,0.9650677668090556,0.28420198898659316,1.0776972658712825,-0.41990963272908055,-0.49441323247304414,0.9176629354822472,0.6435381994422817,0.7280485181694576
0.7735432258872831,0.567682796594406,1.1919796544504566,1.1677886298331035,0.6127093145515148,0.15768917989876155,0.8225285486560476,-0.20217871205474247,2.0225995873897262,-1.0897247358851685,-1.5539093108484365,0.7280485181694576
0.47825746822069914,-1.2657730275279788,0.9392790652048555,-1.0667044204170264,-1.1781434376440278,-0.15859284282081745,0.9318865703197197,0.05909839275446321,-0.49441323247304414,-1.0897247358851685,0.6435381994422817,0.7280485181694576
0.6259003470539911,-0.8613342427951,-0.45057417564595154,-1.0667044204170264,1.5571752690562632,1.1697916526014143,-0.05233562465332877,-0.5505481851336834,-0.49441323247304414,0.9176629354822472,0.6435381994422817,0.7280485181694576
0.18297171055411535,0.4665731004111862,-1.2086759433827554,-0.6942889120420046,0.3729602645618477,0.15768917989876155,-1.0365578196263774,-0.41990963272908055,-0.49441323247304414,0.9176629354822472,0.6435381994422817,0.7280485181694576
-0.99817132011222,-1.575842762489853,-0.2610487337117506,1.5402041382081253,1.0958399758943285,-3.068387451840944,-0.05233562465332877,-4.034242915923093,-0.49441323247304414,0.9176629354822472,0.6435381994422817,-1.3735348332475334
1.9546862565536185,0.722717664075343,0.37070273940225257,-0.321873403666983,2.17107813948435,1.4860736753209933,-0.05233562465332877,0.7558373389123451,2.0225995873897262,-1.0897247358851685,0.6435381994422817,0.7280485181694576
-0.2599569259457604,1.032787399037217,-0.008348144466149328,-1.439119928792048,-0.8948036512926033,-0.28510565190864906,-1.073010493514268,-0.2892710803244777,-0.49441323247304414,0.9176629354822472,0.6435381994422817,0.7280485181694576
0.03532883172082341,-1.070294281573754,-1.714077121873958,0.4229576130830603,-2.558516755766353,1.3595608662331617,-0.4533150374201263,3.237969834599799,-0.49441323247304414,-1.0897247358851685,0.6435381994422817,0.7280485181694576
-0.40759980477905233,-0.4771173972988649,-0.008348144466149328,0.4229576130830603,-0.6187289876681383,-0.28510565190864906,-1.0365578196263774,0.05909839275446321,-0.49441323247304414,0.9176629354822472,0.6435381994422817,0.7280485181694576
0.03532883172082341,1.4102635981212375,0.1180021501566513,-1.0667044204170264,-1.087329403557033,-1.0441825064356387,-1.2552738629537215,-0.9860100264823596,-0.49441323247304414,-1.0897247358851685,0.6435381994422817,0.7280485181694576
-0.99817132011222,-0.7332619609630217,1.3183299490732574,0.7953731214580819,-1.087329403557033,-0.28510565190864906,0.7131705269923757,-0.37636344859421295,-0.49441323247304414,-1.0897247358851685,0.6435381994422817,-1.3735348332475334
-0.99817132011222,-0.9961471710393928,1.1288045071390564,-0.6942889120420046,-1.3924645580893362,1.0432788435135827,1.4057713308622988,2.0622228629583734,2.0225995873897262,-1.0897247358851685,0.6435381994422817,-1.3735348332475334
-0.99817132011222,-0.7602245466118802,1.444680243696058,1.1677886298331035,-2.031795358061782,0.8535096298818354,-0.9271997979627054,0.7122911547774774,-0.49441323247304414,-1.0897247358851685,0.6435381994422817,0.7280485181694576
-0.2599569259457604,0.9518996420906412,1.3815050963846576,1.5402041382081253,0.4710394213758024,1.4860736753209933,0.895433896431829,1.191299180261021,-0.49441323247304414,0.9176629354822472,-1.5539093108484365,-1.3735348332475334
1.3641147412204506,-0.11986313745148838,-0.6400996175801524,1.5402041382081253,0.30394159865573145,0.663740416250088,-0.4533150374201263,0.6251987865077422,-0.49441323247304414,0.9176629354822472,0.6435381994422817,0.7280485181694576
1.2164718623871587,0.6013860286554792,-1.6509019745625577,-0.6942889120420046,1.9749198258564409,-0.15859284282081745,-1.2188211890658307,-0.20217871205474247,2.0225995873897262,-1.0897247358851685,0.6435381994422817,0.7280485181694576
1.8070433777203263,1.632704929724321,-0.5769244702687522,-1.0667044204170264,1.6806823554145767,1.2330480571453302,-0.05233562465332877,-0.5070020009988158,-0.49441323247304414,0.9176629354822472,0.6435381994422817,0.7280485181694576
0.6259003470539911,0.1160594869760244,-0.7664499122029531,1.1677886298331035,0.7580117690907069,0.7902532253379195,0.09347507089823398,0.14619076102419845,-0.49441323247304414,-1.0897247358851685,0.6435381994422817,0.7280485181694576
-0.99817132011222,0.4598324539989716,1.3815050963846576,0.7953731214580819,-1.359771505818018,0.41071479807442474,-1.4375372323931748,0.6251987865077422,-0.49441323247304414,0.9176629354822472,0.6435381994422817,-1.3735348332475334
0.9211861047205749,0.39242598987682503,-0.2610487337117506,0.7953731214580819,0.4928347895566812,-0.7279004837160596,-1.1823685151779402,0.4945602341031393,2.0225995873897262,-1.0897247358851685,0.6435381994422817,0.7280485181694576
0.33061458938740723,-0.7332619609630217,-1.7772522691853583,-1.439119928792048,0.5800162622801965,-0.28510565190864906,0.27573844033768746,-0.7247329216731538,-0.49441323247304414,-1.0897247358851685,-1.5539093108484365,0.7280485181694576
-0.99817132011222,-1.3534014308867695,-1.714077121873958,-0.321873403666983,0.29304391456529205,1.4228172707770774,-0.2345989940927822,1.0606606278564186,-0.49441323247304414,0.9176629354822472,-1.5539093108484365,0.7280485181694576
0.18297171055411535,-0.5580051542454406,0.1811772974680516,-1.439119928792048,1.1176353440752074,-0.22184924736473324,0.4944544836650316,-0.11508634378500726,2.0225995873897262,-1.0897247358851685,-1.5539093108484365,0.7280485181694576
-0.99817132011222,1.032787399037217,-0.9559753541371541,0.05054210470803865,-1.2762225944579826,-0.7279004837160596,0.45800180977714083,0.6251987865077422,-0.49441323247304414,-1.0897247358851685,0.6435381994422817,-1.3735348332475334
-0.99817132011222,1.0058248133883583,-0.5137493229573519,1.1677886298331035,2.3599713303852994,-0.9809261018917229,1.4422240047501895,-2.1182108139889175,2.0225995873897262,-1.0897247358851685,-1.5539093108484365,0.7280485181694576
0.9211861047205749,-1.4814737127188478,0.43387788671365296,1.1677886298331035,-0.17918906268708226,-1.0441825064356387,-0.2345989940927822,0.1026445768893308,-0.49441323247304414,0.9176629354822472,0.6435381994422817,0.7280485181694576
1.0688289835538667,-0.7197806681385923,-0.45057417564595154,0.7953731214580819,0.5800162622801965,0.031176370810929936,-0.34395701575645427,-0.07154015965013964,-0.49441323247304414,0.9176629354822472,0.6435381994422817,0.7280485181694576
0.7735432258872831,1.0597499846860754,1.3183299490732574,0.4229576130830603,1.8441476167711677,-2.0562849791382916,1.2964133091986267,-2.6843112077421964,-0.49441323247304414,0.9176629354822472,0.6435381994422817,0.7280485181694576
0.6259003470539911,-1.548880176840994,-0.07152329177754965,1.5402041382081253,1.288365728158758,-0.6646440791721439,-1.5468952540568468,-1.3343794995613005,2.0225995873897262,-1.0897247358851685,0.6435381994422817,0.7280485181694576
-0.99817132011222,-1.4747330663066331,-0.9559753541371541,1.1677886298331035,-0.6296266717585777,0.28420198898659316,-0.2345989940927822,-0.46345581686394816,-0.49441323247304414,-1.0897247358851685,-1.5539093108484365,-1.3735348332475334
-0.99817132011222,-0.8545935963828853,-1.8404274164967587,0.05054210470803865,-1.9482464467017462,0.34745839353050895,0.42154913588925014,1.7573995740143,-0.49441323247304414,-1.0897247358851685,0.6435381994422817,-1.3735348332475334
-0.99817132011222,-1.2725136739401937,-1.3982013853169564,0.7953731214580819,0.3257369668366103,0.4739712026183406,0.9683392442076103,0.015552208619595588,-0.49441323247304414,0.9176629354822472,0.6435381994422817,-1.3735348332475334
0.47825746822069914,0.5002763324722596,1.065629359827656,0.05054210470803865,0.11141584639130193,0.4739712026183406,-1.3646318846173935,0.538106418238007,2.0225995873897262,-1.0897247358851685,0.6435381994422817,0.7280485181694576
-0.99817132011222,-1.6162866409631407,0.6234033286478539,1.1677886298331035,-0.7785616876612497,-1.7400029564187125,1.7338453958533149,-0.41990963272908055,-0.49441323247304414,0.9176629354822472,0.6435381994422817,-1.3735348332475334
-0.702885562445636,0.041912376441663235,0.4970530340250533,-0.6942889120420046,0.07509023275650392,0.41071479807442474,1.0047919180955012,-0.8553714740777567,-0.49441323247304414,-1.0897247358851685,0.6435381994422817,0.7280485181694576
1.0688289835538667,1.4709294158311694,1.6342056856302591,-0.321873403666983,0.4565091759218832,-0.03208003373298586,-0.30750434186856357,-0.20217871205474247,-0.49441323247304414,0.9176629354822472,0.6435381994422817,0.7280485181694576
1.3641147412204506,0.4261292219378983,1.3815050963846576,0.4229576130830603,1.600766005418021,-0.7911568882599754,-0.16169364631700084,-1.8569337091797118,2.0225995873897262,-1.0897247358851685,0.6435381994422817,0.7280485181694576
1.2164718623871587,-0.146825723100347,1.255154801761857,-0.6942889120420046,0.7434815236367877,-2.3093105973139547,0.38509646200135944,-0.7682791058080215,2.0225995873897262,-1.0897247358851685,0.6435381994422817,0.7280485181694576
0.47825746822069914,-1.2859949667646229,0.1811772974680516,0.7953731214580819,0.4637742986488428,-0.7911568882599754,-0.2345989940927822,-0.6811867375382863,-0.49441323247304414,0.9176629354822472,0.6435381994422817,0.7280485181694576
-0.2599569259457604,0.19694724392260018,0.1811772974680516,-0.6942889120420046,-0.6441569172124969,-0.09533643827690166,-1.6927059496084096,0.2332831292939337,-0.49441323247304414,0.9176629354822472,-1.5539093108484365,0.7280485181694576
-0.99817132011222,0.3587227578157518,0.5602281813364536,0.4229576130830603,1.2956308508857177,1.4228172707770774,-0.2710516679806729,0.5816526023728746,2.0225995873897262,-1.0897247358851685,0.6435381994422817,-1.3735348332475334
-0.40759980477905233,0.4463511611745423,-1.6509019745625577,1.1677886298331035,1.528114778148425,1.612586484408825,0.45800180977714083,0.9735682595866831,2.0225995873897262,-1.0897247358851685,0.6435381994422817,0.7280485181694576
1.6594004988870346,1.4035229517090229,-0.3242238810231509,0.05054210470803865,0.6926256645480705,0.5372276071622564,-1.5833479279447376,-0.8989176582126244,-0.49441323247304414,0.9176629354822472,-1.5539093108484365,0.7280485181694576
0.33061458938740723,0.9653809349150704,-0.8296250595143535,0.7953731214580819,1.124900466802167,0.9167660344257511,-0.5991257329716891,0.1026445768893308,2.0225995873897262,-1.0897247358851685,-1.5539093108484365,0.7280485181694576
-0.40759980477905233,1.0395280454494318,-0.5137493229573519,-1.439119928792048,-1.2035713671883865,-0.28510565190864906,0.27573844033768746,0.5816526023728746,-0.49441323247304414,-1.0897247358851685,-1.5539093108484365,0.7280485181694576
-0.99817132011222,0.6081266750676939,0.4970530340250533,-0.6942889120420046,-0.6732174081203354,1.1697916526014143,0.7860758747681569,1.2783915485307564,-0.49441323247304414,0.9176629354822472,-1.5539093108484365,-1.3735348332475334
-0.99817132011222,-0.9422219997416759,-1.0191505014485545,0.05054210470803865,-0.8185198626595275,-0.6646440791721439,-0.38040968964434496,-0.11508634378500726,-0.49441323247304414,-1.0897247358851685,-1.5539093108484365,-1.3735348332475334
0.9211861047205749,0.37894469705239575,-1.2718510906941556,-0.321873403666983,-1.0473712285587549,0.22094558444267734,-1.0365578196263774,0.5816526023728746,-0.49441323247304414,-1.0897247358851685,0.6435381994422817,0.7280485181694576
-0.99817132011222,-1.4882143591310624,-1.8404274164967587,-0.6942889120420046,0.0460297418486655,-0.6646440791721439,0.676717853104485,0.2332831292939337,-0.49441323247304414,0.9176629354822472,0.6435381994422817,-1.3735348332475334
-0.99817132011222,-0.7400026073752363,0.4970530340250533,0.7953731214580819,-1.2798551558214624,-0.15859284282081745,1.259960635310736,0.05909839275446321,-0.49441323247304414,-1.0897247358851685,0.6435381994422817,0.7280485181694576
-0.99817132011222,-1.0433316959248955,0.37070273940225257,-0.6942889120420046,0.4129184395601256,0.5372276071622564,1.3328659830865175,-0.37636344859421295,-0.49441323247304414,0.9176629354822472,0.6435381994422817,-1.3735348332475334
0.6259003470539911,-0.06593796615377118,0.5602281813364536,-0.321873403666983,-0.19735186950448128,0.15768917989876155,1.259960635310736,0.6251987865077422,-0.49441323247304414,0.9176629354822472,0.6435381994422817,0.7280485181694576
0.47825746822069914,1.4035229517090229,1.255154801761857,-1.0667044204170264,-0.8330501081134467,-0.15859284282081745,-1.2552738629537215,-0.7247329216731538,-0.49441323247304414,-1.0897247358851685,-1.5539093108484365,0.7280485181694576
-0.99817132011222,-1.0163691102760368,1.0024542125162559,-0.321873403666983,0.3693277031983679,0.7902532253379195,0.3486437881134688,0.4074678658334041,2.0225995873897262,-1.0897247358851685,-1.5539093108484365,0.7280485181694576
-0.5552426836123442,-0.9894065246271785,-0.9559753541371541,1.5402041382081253,0.1804345122974182,1.7390992934966565,-1.1094631674021587,0.538106418238007,-0.49441323247304414,-1.0897247358851685,0.6435381994422817,0.7280485181694576
-0.99817132011222,-1.6567305194364288,0.43387788671365296,-0.6942889120420046,-0.5497103217620222,0.7902532253379195,0.7860758747681569,0.14619076102419845,-0.49441323247304414,-1.0897247358851685,0.6435381994422817,-1.3735348332475334
0.7735432258872831,-0.5040799829477235,-1.3982013853169564,0.7953731214580819,0.14047633729914036,-1.6134901473308811,-0.12524097242911014,-0.5505481851336834,-0.49441323247304414,0.9176629354822472,-1.5539093108484365,0.7280485181694576
-0.99817132011222,-1.1174788064592565,-0.5137493229573519,1.1677886298331035,0.460141737285363,-0.34836205645256485,-0.7084837546353612,-1.3343794995613005,-0.49441323247304414,0.9176629354822472,-1.5539093108484365,-1.3735348332475334
0.03532883172082341,0.13628142621266837,-0.8928002068257538,-1.439119928792048,-1.0691665967396338,1.1065352480574984,1.8067507436290964,1.3219377326656239,-0.49441323247304414,-1.0897247358851685,-1.5539093108484365,0.7280485181694576
-0.2599569259457604,0.5272389181211181,-1.0191505014485545,-1.439119928792048,-0.2227797990488399,0.7269968207940037,1.6973927219654241,0.7993835230472127,-0.49441323247304414,-1.0897247358851685,0.6435381994422817,0.7280485181694576
-0.99817132011222,-0.611930325543158,-0.6400996175801524,-0.6942889120420046,-1.0364735444683157,0.980022438969667,-0.2710516679806729,0.7993835230472127,-0.49441323247304414,-1.0897247358851685,0.6435381994422817,0.7280485181694576
-0.99817132011222,1.16760032728151,-1.8404274164967587,0.4229576130830603,-0.6877476535742546,-0.6646440791721439,-0.9271997979627054,-0.027993975515272027,-0.49441323247304414,0.9176629354822472,0.6435381994422817,-1.3735348332475334
-0.99817132011222,-0.5782270934820847,0.05482700284525099,0.7953731214580819,-1.101859649010952,0.031176370810929936,1.0047919180955012,-0.37636344859421295,-0.49441323247304414,-1.0897247358851685,0.6435381994422817,-1.3735348332475334
0.9211861047205749,1.1001938631593635,1.065629359827656,-1.439119928792048,0.14410889866262017,0.7269968207940037,1.150602613647064,0.05909839275446321,-0.49441323247304414,0.9176629354822472,-1.5539093108484365,0.7280485181694576
1.0688289835538667,0.8440492994952067,-1.145500796071355,1.5402041382081253,-0.35355200813411275,-1.8665157655065443,0.8589812225439383,0.14619076102419845,-0.49441323247304414,0.9176629354822472,-1.5539093108484365,0.7280485181694576
-0.40759980477905233,-0.7467432537874509,1.6342056856302591,-0.321873403666983,-0.8003570558421285,-0.47487486554039643,0.020569723122452605,-0.11508634378500726,-0.49441323247304414,0.9176629354822472,0.6435381994422817,-1.3735348332475334
0.18297171055411535,-0.06593796615377118,-0.3873990283345512,-0.321873403666983,1.0159236258977729,-0.28510565190864906,-0.4533150374201263,-1.1601947630218301,-0.49441323247304414,0.9176629354822472,-1.5539093108484365,0.7280485181694576
2.249972014220202,0.9721215813272851,-0.7664499122029531,-0.6942889120420046,0.09688560093738273,0.031176370810929936,-1.073010493514268,0.1026445768893308,-0.49441323247304414,-1.0897247358851685,0.6435381994422817,0.7280485181694576
-0.99817132011222,0.277835000869176,1.444680243696058,0.4229576130830603,0.009704128213867475,-0.09533643827690166,0.4944544836650316,-0.5505481851336834,-0.49441323247304414,0.9176629354822472,0.6435381994422817,-1.3735348332475334
-0.99817132011222,0.07561560850273649,0.37070273940225257,1.5402041382081253,0.536425525918439,-0.22184924736473324,0.20283309256190607,-0.7247329216731538,2.0225995873897262,-1.0897247358851685,-1.5539093108484365,-1.3735348332475334
0.7735432258872831,0.6553111999531964,1.065629359827656,-1.439119928792048,0.21676012593221622,0.15768917989876155,-1.1459158412900492,0.05909839275446321,-0.49441323247304414,0.9176629354822472,0.6435381994422817,0.7280485181694576
1.9546862565536185,0.6418299071287672,0.43387788671365296,-0.6942889120420046,-0.6078313035776989,-1.2339517200673862,-1.3646318846173935,-0.5505481851336834,-0.49441323247304414,0.9176629354822472,0.6435381994422817,0.7280485181694576
1.2164718623871587,-0.5984490327187286,1.065629359827656,-1.0667044204170264,-1.8429021671608319,-0.6013876746282281,0.45800180977714083,1.191299180261021,-0.49441323247304414,-1.0897247358851685,0.6435381994422817,0.7280485181694576
-0.99817132011222,0.6687924927776258,1.5710305383188585,0.4229576130830603,-2.692921526215106,0.8535096298818354,-1.6927059496084096,2.976692729790593,-0.49441323247304414,0.9176629354822472,-1.5539093108484365,-1.3735348332475334
1.2164718623871587,1.1810816201059393,0.7497536232706544,-0.321873403666983,-0.8984362126560831,0.7269968207940037,1.5151293525259708,1.4090301009353594,-0.49441323247304414,-1.0897247358851685,0.6435381994422817,0.7280485181694576
-0.850528441278928,-1.1714039777569738,-0.3873990283345512,-0.6942889120420046,-0.95655719447176,0.34745839353050895,-1.401084558505284,0.7122911547774774,-0.49441323247304414,0.9176629354822472,0.6435381994422817,0.7280485181694576
0.7735432258872831,0.7564208961364162,-0.6400996175801524,-1.439119928792048,1.0377189940786518,-0.03208003373298586,1.1870552875349547,-0.33281726445934534,-0.49441323247304414,0.9176629354822472,0.6435381994422817,0.7280485181694576
